{"cameraMode":{"drawMode":0,"name":"Shaded","section":"Shading Mode"},"sceneLighting":true,"audioPlay":false,"sceneViewState":{"showFog":true,"showMaterialUpdate":false,"showSkybox":true,"showFlares":true,"showImageEffects":true,"showParticleSystems":true},"in2DMode":false,"pivot":{"x":-0.44889944791793826,"y":1.416557788848877,"z":9.992959022521973},"rotation":{"x":0.06834252923727036,"y":0.008979221805930138,"z":-0.0006149809341877699,"w":0.997631847858429},"size":3.2860190868377687,"orthographic":false}